{"cameraMode":{"drawMode":0,"name":"Shaded","section":"Shading Mode"},"sceneLighting":true,"audioPlay":false,"sceneViewState":{"m_AlwaysRefresh":false,"showFog":true,"showSkybox":false,"showFlares":true,"showImageEffects":true,"showParticleSystems":true,"showVisualEffectGraphs":true,"m_FxEnabled":true},"in2DMode":false,"pivot":{"x":-0.5121461153030396,"y":-0.25013452768325808,"z":-2.4268641471862795},"rotation":{"x":0.18145649135112763,"y":-0.07455887645483017,"z":0.01379864476621151,"w":0.9804714322090149},"size":3.3081629276275636,"orthographic":false}