{"cameraMode":{"drawMode":0,"name":"Shaded","section":"Shading Mode"},"sceneLighting":false,"audioPlay":false,"sceneViewState":{"m_AlwaysRefresh":false,"showFog":true,"showSkybox":false,"showFlares":true,"showImageEffects":true,"showParticleSystems":true,"showVisualEffectGraphs":true,"m_FxEnabled":true},"in2DMode":false,"pivot":{"x":0.07843539863824845,"y":0.11974222958087921,"z":0.26778078079223635},"rotation":{"x":-0.00623658299446106,"y":-0.15181131660938264,"z":0.0009580067126080394,"w":-0.9883890151977539},"size":1.959027886390686,"orthographic":false}